id,slug,name,stateId,monumentCount,createdAt,updatedAt
59ec3fd5-bc7d-49cb-8dd9-efc4a36e4c2e,port-blair,Port Blair,f00d3629-14e8-4210-b456-ab6a97ce2fd3,1,""2025-11-01T19:59:32.694Z"",""2025-11-01T19:59:32.694Z""
de181af7-1da3-4f79-9c2e-7aaf79f30553,sri-vijaya-puram,Sri Vijaya Puram,f00d3629-14e8-4210-b456-ab6a97ce2fd3,5,""2025-11-01T19:59:33.820Z"",""2025-11-01T19:59:33.820Z""
474654a7-0ddd-441b-bf24-888d4f538756,wandoor,Wandoor,f00d3629-14e8-4210-b456-ab6a97ce2fd3,1,""2025-11-01T19:59:35.067Z"",""2025-11-01T19:59:35.067Z""
c2df8d69-4477-42ce-b0bf-2934662d5363,alluri-sitharama-raju,Alluri Sitharama Raju,52bf1ea3-854b-4396-8327-f5d97d5b0546,1,""2025-11-01T19:59:35.715Z"",""2025-11-01T19:59:35.715Z""
59ea80b2-455c-4bad-8a0b-a28020b2a863,araku-valley,Araku Valley,52bf1ea3-854b-4396-8327-f5d97d5b0546,1,""2025-11-01T19:59:36.262Z"",""2025-11-01T19:59:36.262Z""
cf562d9b-31b3-4d48-8fa0-75e6094805af,attakanitippa,Attakanitippa,52bf1ea3-854b-4396-8327-f5d97d5b0546,1,""2025-11-01T19:59:36.672Z"",""2025-11-01T19:59:36.672Z""
a10620b9-4d40-4d00-9ce9-141a5de904d2,bhadrachalam,Bhadrachalam,52bf1ea3-854b-4396-8327-f5d97d5b0546,1,""2025-11-01T19:59:37.085Z"",""2025-11-01T19:59:37.085Z""
acbd92bb-d75d-456b-90e2-17d2deecb6ff,bheemunipatnam,Bheemunipatnam,52bf1ea3-854b-4396-8327-f5d97d5b0546,1,""2025-11-01T19:59:37.595Z"",""2025-11-01T19:59:37.595Z""
7915a059-440e-4ffb-8336-7a86332f32b0,chandragiri,Chandragiri,52bf1ea3-854b-4396-8327-f5d97d5b0546,1,""2025-11-01T19:59:38.024Z"",""2025-11-01T19:59:38.024Z""
5f40d21b-adb6-495d-98e1-81da1780be17,draksharamam,Draksharamam,52bf1ea3-854b-4396-8327-f5d97d5b0546,1,""2025-11-01T19:59:38.437Z"",""2025-11-01T19:59:38.437Z""
a1d519cc-1ad2-4e9b-8114-ef627e24614e,horsley-hills,Horsley Hills,52bf1ea3-854b-4396-8327-f5d97d5b0546,1,""2025-11-01T19:59:38.878Z"",""2025-11-01T19:59:38.878Z""
31dfb818-c98a-4ee2-b3e3-9545465c3653,kakinada,Kakinada,52bf1ea3-854b-4396-8327-f5d97d5b0546,1,""2025-11-01T19:59:39.293Z"",""2025-11-01T19:59:39.293Z""
b9935155-ffad-46d5-bb94-c6b6c16ee3e8,kondapalli,Kondapalli,52bf1ea3-854b-4396-8327-f5d97d5b0546,1,""2025-11-01T19:59:39.704Z"",""2025-11-01T19:59:39.704Z""
62859acd-9cfb-4b01-91ae-26f12aca40af,nagarjunakonda-rd,Nagarjunakonda Rd,52bf1ea3-854b-4396-8327-f5d97d5b0546,1,""2025-11-01T19:59:40.156Z"",""2025-11-01T19:59:40.156Z""
35b94b8b-2dae-425e-a9c9-3dd38a32993f,pedachama,Pedachama,52bf1ea3-854b-4396-8327-f5d97d5b0546,1,""2025-11-01T19:59:40.569Z"",""2025-11-01T19:59:40.569Z""
7f976432-63dc-4567-9eaa-34b396ea87a6,puttaparthi,Puttaparthi,52bf1ea3-854b-4396-8327-f5d97d5b0546,1,""2025-11-01T19:59:40.976Z"",""2025-11-01T19:59:40.976Z""
54f3aa2d-fce5-4a23-9e35-7989e2fcecc2,srisailam,Srisailam,52bf1ea3-854b-4396-8327-f5d97d5b0546,1,""2025-11-01T19:59:41.389Z"",""2025-11-01T19:59:41.389Z""
0ecb61dd-b2a0-4e02-aa0f-bf3123a249b6,thallapalle,Thallapalle,52bf1ea3-854b-4396-8327-f5d97d5b0546,1,""2025-11-01T19:59:41.801Z"",""2025-11-01T19:59:41.801Z""
1f0c58ca-5a89-42ee-a482-5e2de27f4d65,tirupati,Tirupati,52bf1ea3-854b-4396-8327-f5d97d5b0546,1,""2025-11-01T19:59:42.217Z"",""2025-11-01T19:59:42.217Z""
87710a53-400b-417f-ae6d-b458a82da770,vijayawada,Vijayawada,52bf1ea3-854b-4396-8327-f5d97d5b0546,2,""2025-11-01T19:59:42.633Z"",""2025-11-01T19:59:42.633Z""
3907f200-aef5-43b2-b9bd-4fa98940d5d3,visakhapatnam,Visakhapatnam,52bf1ea3-854b-4396-8327-f5d97d5b0546,1,""2025-11-01T19:59:43.253Z"",""2025-11-01T19:59:43.253Z""
71210fc6-2044-460a-8b4c-6303eb45d876,khonsa,Khonsa,6a070c61-e5b5-49d8-96f5-82b6cd4a6370,1,""2025-11-01T19:59:43.945Z"",""2025-11-01T19:59:43.945Z""
21c2da71-f6d6-4d03-8891-34bc102b3777,assam,Assam,73f3eb35-6ce3-4245-908e-1c996340399a,2,""2025-11-01T19:59:44.660Z"",""2025-11-01T19:59:44.660Z""
87d8739a-663f-4700-89e4-06fa6fd5e0cf,darrang,Darrang,73f3eb35-6ce3-4245-908e-1c996340399a,1,""2025-11-01T19:59:45.380Z"",""2025-11-01T19:59:45.380Z""
51bcc26a-797f-4fee-b8c2-d44d91c50840,guwahati,Guwahati,73f3eb35-6ce3-4245-908e-1c996340399a,2,""2025-11-01T19:59:45.793Z"",""2025-11-01T19:59:45.793Z""
dfc2e2f8-5885-4d9b-abf9-1494474434aa,laika-gaon,Laika Gaon,73f3eb35-6ce3-4245-908e-1c996340399a,1,""2025-11-01T19:59:46.477Z"",""2025-11-01T19:59:46.477Z""
6baa7727-9aa6-4684-944a-57a83fbc0eed,bodh-gaya,Bodh Gaya,b20163b2-2bb6-4e3e-b009-29a3b80311e4,3,""2025-11-01T19:59:47.733Z"",""2025-11-01T19:59:47.733Z""
821ef030-0433-4dd1-ae95-551a7a5b6974,patna,Patna,b20163b2-2bb6-4e3e-b009-29a3b80311e4,2,""2025-11-01T19:59:48.657Z"",""2025-11-01T19:59:48.657Z""
41a6d299-880a-4a40-9ce4-e3acb4cf9aa3,patna-division,Patna Division,b20163b2-2bb6-4e3e-b009-29a3b80311e4,1,""2025-11-01T19:59:49.376Z"",""2025-11-01T19:59:49.376Z""
60ef11db-029d-4c20-ba47-27f2cc57c61f,rajgir,Rajgir,b20163b2-2bb6-4e3e-b009-29a3b80311e4,1,""2025-11-01T19:59:49.814Z"",""2025-11-01T19:59:49.814Z""
c4999f7c-e138-4669-ba09-b7e4c174f362,chandigarh,Chandigarh,99c9de67-d089-40f3-bca4-aad150d8eb35,1,""2025-11-01T19:59:50.436Z"",""2025-11-01T19:59:50.436Z""
f85c720f-30cd-4a24-abdb-12f8a39af1b5,sukhna-lake,Sukhna Lake,99c9de67-d089-40f3-bca4-aad150d8eb35,1,""2025-11-01T19:59:50.911Z"",""2025-11-01T19:59:50.911Z""
a3f793e9-e9c2-4b5e-85ca-97426893bcef,dantewada,Dantewada,07702b94-be48-4501-93dc-5e15f23296d8,1,""2025-11-01T19:59:51.537Z"",""2025-11-01T19:59:51.537Z""
025790fd-2946-4dbb-8302-89e46c70872b,devgaon,Devgaon,07702b94-be48-4501-93dc-5e15f23296d8,1,""2025-11-01T19:59:51.951Z"",""2025-11-01T19:59:51.951Z""
bb3854fc-21ba-4943-8064-89b5657a33a7,kandanar,Kandanar,07702b94-be48-4501-93dc-5e15f23296d8,1,""2025-11-01T19:59:52.450Z"",""2025-11-01T19:59:52.450Z""
48550411-d13a-4a35-81c0-6faf5a84d089,raipur,Raipur,07702b94-be48-4501-93dc-5e15f23296d8,1,""2025-11-01T19:59:52.951Z"",""2025-11-01T19:59:52.951Z""
c912c527-985d-443c-9ab5-01b1ec9e76df,tiratha,Tiratha,07702b94-be48-4501-93dc-5e15f23296d8,1,""2025-11-01T19:59:53.462Z"",""2025-11-01T19:59:53.462Z""
cbd63144-7a5e-40e6-be45-7c9de759d085,diu,Diu,82ee004d-52ab-4e1a-ab62-68cd5ed1c949,1,""2025-11-01T19:59:55.312Z"",""2025-11-01T19:59:55.312Z""
458d2ff4-e189-4007-8705-c92e35f74261,delhi,Delhi,f89bb304-e80a-4e6f-8e07-f38bb12bcf43,6,""2025-11-01T19:59:56.032Z"",""2025-11-01T19:59:56.032Z""
cdc2c443-0ad1-4822-aa57-1eed1a76ccde,new-delhi,New Delhi,f89bb304-e80a-4e6f-8e07-f38bb12bcf43,28,""2025-11-01T19:59:57.577Z"",""2025-11-01T19:59:57.577Z""
3152c0c2-855e-4075-a835-614102fb80bd,agonda,Agonda,ff9386fd-a925-4de9-a7e1-53feaa3f9c16,1,""2025-11-01T20:00:06.076Z"",""2025-11-01T20:00:06.076Z""
ad8fc190-9cd0-47d3-90b7-df0151039c93,anjuna,Anjuna,ff9386fd-a925-4de9-a7e1-53feaa3f9c16,2,""2025-11-01T20:00:06.572Z"",""2025-11-01T20:00:06.572Z""
004660df-5861-4623-80fb-749c3fd38a65,arambol-beach,Arambol Beach,ff9386fd-a925-4de9-a7e1-53feaa3f9c16,1,""2025-11-01T20:00:07.192Z"",""2025-11-01T20:00:07.192Z""
ec166eb3-0691-4d0a-b1d5-85c2230ebc06,baga,Baga,ff9386fd-a925-4de9-a7e1-53feaa3f9c16,1,""2025-11-01T20:00:07.703Z"",""2025-11-01T20:00:07.703Z""
817e5fcc-873f-4c7c-9d52-9d1bcd7b75fc,baga-beach,Baga Beach,ff9386fd-a925-4de9-a7e1-53feaa3f9c16,1,""2025-11-01T20:00:08.113Z"",""2025-11-01T20:00:08.113Z""
d2a6edeb-eaf4-4911-afe9-1a56def8da02,bogmalo,Bogmalo,ff9386fd-a925-4de9-a7e1-53feaa3f9c16,1,""2025-11-01T20:00:08.525Z"",""2025-11-01T20:00:08.525Z""
385c1bfc-a1ac-45c3-b369-0c61ce059200,calangute-beach,Calangute Beach,ff9386fd-a925-4de9-a7e1-53feaa3f9c16,1,""2025-11-01T20:00:09.026Z"",""2025-11-01T20:00:09.026Z""
bba5f3d5-a2f4-4d82-81ea-4dd3f0ac57a2,candolim,Candolim,ff9386fd-a925-4de9-a7e1-53feaa3f9c16,2,""2025-11-01T20:00:09.505Z"",""2025-11-01T20:00:09.505Z""
f7658708-2275-4f3c-af27-4023e21062a1,colva-beach,Colva Beach,ff9386fd-a925-4de9-a7e1-53feaa3f9c16,1,""2025-11-01T20:00:10.125Z"",""2025-11-01T20:00:10.125Z""
78e143cf-bc21-4ec0-be64-fc8dc795418b,dona-paula-beach,Dona Paula Beach,ff9386fd-a925-4de9-a7e1-53feaa3f9c16,1,""2025-11-01T20:00:10.538Z"",""2025-11-01T20:00:10.538Z""
ea3ec972-0da4-4521-b19b-9ef5f5dbb349,goa,Goa,ff9386fd-a925-4de9-a7e1-53feaa3f9c16,1,""2025-11-01T20:00:10.969Z"",""2025-11-01T20:00:10.969Z""
3c5014ba-d954-4d4a-bdc6-4c5331b8b351,madgaon,Madgaon,ff9386fd-a925-4de9-a7e1-53feaa3f9c16,1,""2025-11-01T20:00:11.381Z"",""2025-11-01T20:00:11.381Z""
279c6030-26f1-4299-a4c0-63023f1fe818,mollem,Mollem,ff9386fd-a925-4de9-a7e1-53feaa3f9c16,1,""2025-11-01T20:00:11.793Z"",""2025-11-01T20:00:11.793Z""
76554c3a-5a1d-42cb-9b5c-1ecb9bb56629,mormugao,Mormugao,ff9386fd-a925-4de9-a7e1-53feaa3f9c16,1,""2025-11-01T20:00:12.307Z"",""2025-11-01T20:00:12.307Z""
bd7555de-f975-48ac-924c-941fd59caec2,old-goa,Old Goa,ff9386fd-a925-4de9-a7e1-53feaa3f9c16,2,""2025-11-01T20:00:12.720Z"",""2025-11-01T20:00:12.720Z""
b58e9ac6-30aa-4cee-b8fd-2df75f09b086,palolem-beach,Palolem Beach,ff9386fd-a925-4de9-a7e1-53feaa3f9c16,1,""2025-11-01T20:00:13.440Z"",""2025-11-01T20:00:13.440Z""
54adfc71-2e55-4ee5-9aba-8d682dabb0eb,panaji,Panaji,ff9386fd-a925-4de9-a7e1-53feaa3f9c16,1,""2025-11-01T20:00:13.854Z"",""2025-11-01T20:00:13.854Z""
31464121-75b4-4216-bf33-872736362ca5,ponda,Ponda,ff9386fd-a925-4de9-a7e1-53feaa3f9c16,1,""2025-11-01T20:00:14.270Z"",""2025-11-01T20:00:14.270Z""
c1abafcc-e3ee-477c-8060-716b156af672,quelossim,Quelossim,ff9386fd-a925-4de9-a7e1-53feaa3f9c16,1,""2025-11-01T20:00:14.684Z"",""2025-11-01T20:00:14.684Z""
772a3674-8625-4fee-b17f-a81739212f09,sonauli,Sonauli,ff9386fd-a925-4de9-a7e1-53feaa3f9c16,1,""2025-11-01T20:00:15.097Z"",""2025-11-01T20:00:15.097Z""
48008875-6d8d-4ab1-b713-220232a150d6,vagator,Vagator,ff9386fd-a925-4de9-a7e1-53feaa3f9c16,1,""2025-11-01T20:00:15.509Z"",""2025-11-01T20:00:15.509Z""
0e4216f0-8a85-4ef5-97e9-058ed27e4d8f,adalaj,Adalaj,bc01dda4-90a5-4e3a-ab01-d690a7b64e0d,1,""2025-11-01T20:00:16.252Z"",""2025-11-01T20:00:16.252Z""
e27aa5c7-80e4-449a-9e92-54dcf55cc1e2,ahmedabad,Ahmedabad,bc01dda4-90a5-4e3a-ab01-d690a7b64e0d,10,""2025-11-01T20:00:16.666Z"",""2025-11-01T20:00:16.666Z""
b586ad84-2740-42e4-81b9-af1639da2f56,ambaji,Ambaji,bc01dda4-90a5-4e3a-ab01-d690a7b64e0d,1,""2025-11-01T20:00:18.964Z"",""2025-11-01T20:00:18.964Z""
12bdd93b-9330-4dd3-99c4-0ca2384f9998,ankodiya,Ankodiya,bc01dda4-90a5-4e3a-ab01-d690a7b64e0d,1,""2025-11-01T20:00:19.480Z"",""2025-11-01T20:00:19.480Z""
a7b4607f-13d9-43b3-8eb6-f6594651836b,bardo,Bardo,bc01dda4-90a5-4e3a-ab01-d690a7b64e0d,1,""2025-11-01T20:00:19.893Z"",""2025-11-01T20:00:19.893Z""
f7fadd11-e53a-42b1-bebe-5139c6d79c63,bet-dwarka,Bet Dwarka,bc01dda4-90a5-4e3a-ab01-d690a7b64e0d,1,""2025-11-01T20:00:20.308Z"",""2025-11-01T20:00:20.308Z""
556bbea1-c72d-4d23-97e3-17fdd9f51940,bhadreshwar,Bhadreshwar,bc01dda4-90a5-4e3a-ab01-d690a7b64e0d,1,""2025-11-01T20:00:20.721Z"",""2025-11-01T20:00:20.721Z""
ce28cbc9-9788-4efe-a54d-6e3eaec36de3,bhavnagar,Bhavnagar,bc01dda4-90a5-4e3a-ab01-d690a7b64e0d,2,""2025-11-01T20:00:21.134Z"",""2025-11-01T20:00:21.134Z""
37a76a89-7144-459b-ad6f-46b2ac6d16e3,bhuj,Bhuj,bc01dda4-90a5-4e3a-ab01-d690a7b64e0d,4,""2025-11-01T20:00:21.840Z"",""2025-11-01T20:00:21.840Z""
45e71723-e85e-47cc-85f3-44589bec7b8e,champaner,Champaner,bc01dda4-90a5-4e3a-ab01-d690a7b64e0d,1,""2025-11-01T20:00:22.960Z"",""2025-11-01T20:00:22.960Z""
62b4adfb-0925-4cd1-9b9a-1a3d072e0c1b,chitrod,Chitrod,bc01dda4-90a5-4e3a-ab01-d690a7b64e0d,1,""2025-11-01T20:00:23.468Z"",""2025-11-01T20:00:23.468Z""
5cb75aea-6e36-4fb4-b8d3-7a605db3fd63,dhrangadhra,Dhrangadhra,bc01dda4-90a5-4e3a-ab01-d690a7b64e0d,1,""2025-11-01T20:00:23.882Z"",""2025-11-01T20:00:23.882Z""
accbe524-9dc2-4a98-ab9c-6279aaf214aa,dungarpur,Dungarpur,bc01dda4-90a5-4e3a-ab01-d690a7b64e0d,1,""2025-11-01T20:00:24.393Z"",""2025-11-01T20:00:24.393Z""
0c7314b2-f033-4db3-bc21-03bc7dff0136,dwarka,Dwarka,bc01dda4-90a5-4e3a-ab01-d690a7b64e0d,1,""2025-11-01T20:00:24.926Z"",""2025-11-01T20:00:24.926Z""
9f5133d9-04e9-42ec-8fc6-4f4c34d79e5a,goriyali,Goriyali,bc01dda4-90a5-4e3a-ab01-d690a7b64e0d,1,""2025-11-01T20:00:25.349Z"",""2025-11-01T20:00:25.349Z""
9aaa66e7-4e95-4483-b91e-72ccb945e288,jamlapada,Jamlapada,bc01dda4-90a5-4e3a-ab01-d690a7b64e0d,1,""2025-11-01T20:00:25.819Z"",""2025-11-01T20:00:25.819Z""
a8c4422b-2e6b-449d-b9cf-97380c17e7ed,junagadh,Junagadh,bc01dda4-90a5-4e3a-ab01-d690a7b64e0d,1,""2025-11-01T20:00:26.338Z"",""2025-11-01T20:00:26.338Z""
21f25750-708e-48b5-8d02-fe8275b32e9b,kathwada,Kathwada,bc01dda4-90a5-4e3a-ab01-d690a7b64e0d,2,""2025-11-01T20:00:26.752Z"",""2025-11-01T20:00:26.752Z""
819e8b64-bdbc-4df9-9153-d9a1070ed41a,mandvi-rural,Mandvi Rural,bc01dda4-90a5-4e3a-ab01-d690a7b64e0d,1,""2025-11-01T20:00:27.373Z"",""2025-11-01T20:00:27.373Z""
36efe0aa-91c7-49f5-b831-cd0127eace53,mogar,Mogar,bc01dda4-90a5-4e3a-ab01-d690a7b64e0d,1,""2025-11-01T20:00:27.873Z"",""2025-11-01T20:00:27.873Z""
70dde57d-beaf-4b2c-a4f5-aa0850940e48,palitana,Palitana,bc01dda4-90a5-4e3a-ab01-d690a7b64e0d,1,""2025-11-01T20:00:28.385Z"",""2025-11-01T20:00:28.385Z""
0df9ed78-7840-41bf-b92f-6b63f0a96d56,porbandar,Porbandar,bc01dda4-90a5-4e3a-ab01-d690a7b64e0d,2,""2025-11-01T20:00:28.901Z"",""2025-11-01T20:00:28.901Z""
9aa0fd4b-3286-4092-8df8-31f4fd84883a,prabhas-patan,Prabhas Patan,bc01dda4-90a5-4e3a-ab01-d690a7b64e0d,1,""2025-11-01T20:00:29.524Z"",""2025-11-01T20:00:29.524Z""
9eff67e9-26c2-493a-9989-523108a9dfba,rajkot,Rajkot,bc01dda4-90a5-4e3a-ab01-d690a7b64e0d,1,""2025-11-01T20:00:30.026Z"",""2025-11-01T20:00:30.026Z""
d6d14743-0cf4-4b60-a33e-af35a340e8bb,sajjanpar,Sajjanpar,bc01dda4-90a5-4e3a-ab01-d690a7b64e0d,1,""2025-11-01T20:00:30.446Z"",""2025-11-01T20:00:30.446Z""
e9555041-9d8b-493b-9bc5-585718a5a057,saputara,Saputara,bc01dda4-90a5-4e3a-ab01-d690a7b64e0d,1,""2025-11-01T20:00:30.863Z"",""2025-11-01T20:00:30.863Z""
dc0d8949-f491-46eb-b572-2292d492dc6f,somnath,Somnath,bc01dda4-90a5-4e3a-ab01-d690a7b64e0d,1,""2025-11-01T20:00:31.276Z"",""2025-11-01T20:00:31.276Z""
c41c804a-0c5b-413c-a427-fb232b4ebeee,vadodara,Vadodara,bc01dda4-90a5-4e3a-ab01-d690a7b64e0d,3,""2025-11-01T20:00:31.688Z"",""2025-11-01T20:00:31.688Z""
bf668f80-8c5b-48f1-a20a-e01ce5dde982,velavadar,Velavadar,bc01dda4-90a5-4e3a-ab01-d690a7b64e0d,2,""2025-11-01T20:00:32.592Z"",""2025-11-01T20:00:32.592Z""
577669f9-c147-499a-903a-8d02280fc6d8,veraval,Veraval,bc01dda4-90a5-4e3a-ab01-d690a7b64e0d,1,""2025-11-01T20:00:33.305Z"",""2025-11-01T20:00:33.305Z""
82b345f7-c43c-4a3b-b99c-50c6a7d02cc5,bhindawas,Bhindawas,5b038306-c603-43dc-9d13-a5f3effc3add,1,""2025-11-01T20:00:34.844Z"",""2025-11-01T20:00:34.844Z""
4c2edaf5-fc6e-430a-8479-fd7e187f57d8,faridabad-division,Faridabad Division,5b038306-c603-43dc-9d13-a5f3effc3add,1,""2025-11-01T20:00:35.345Z"",""2025-11-01T20:00:35.345Z""
a2a75f01-efda-4c2b-bba8-4ba6df3cdaf7,gurgaon-division,Gurgaon Division,5b038306-c603-43dc-9d13-a5f3effc3add,1,""2025-11-01T20:00:35.857Z"",""2025-11-01T20:00:35.857Z""
986ed8df-b56f-4a9d-938b-3e986ffaea7e,gurugram,Gurugram,5b038306-c603-43dc-9d13-a5f3effc3add,2,""2025-11-01T20:00:36.334Z"",""2025-11-01T20:00:36.334Z""
a40fedf1-7d68-4ae8-b4c1-2e66d467d8d0,kalesar,Kalesar,5b038306-c603-43dc-9d13-a5f3effc3add,1,""2025-11-01T20:00:36.957Z"",""2025-11-01T20:00:36.957Z""
abde9cee-1158-484d-befa-3a28e845683c,arki,Arki,d8c745cd-c866-4351-be6b-fef8ce66084e,1,""2025-11-01T20:00:37.595Z"",""2025-11-01T20:00:37.595Z""
554dfeaf-7a17-464a-8f74-2427a0f1ca25,chail,Chail,d8c745cd-c866-4351-be6b-fef8ce66084e,2,""2025-11-01T20:00:38.117Z"",""2025-11-01T20:00:38.117Z""
1e0360db-5361-4c7d-89d1-7265c1e2937f,chaugan,Chaugan,d8c745cd-c866-4351-be6b-fef8ce66084e,1,""2025-11-01T20:00:38.740Z"",""2025-11-01T20:00:38.740Z""
4ef32dc7-f992-42ac-9ab6-962bcaf12912,chitkul,Chitkul,d8c745cd-c866-4351-be6b-fef8ce66084e,1,""2025-11-01T20:00:39.160Z"",""2025-11-01T20:00:39.160Z""
51ffd39c-4e5f-419b-9fac-df2cd50f3bf8,dagshai,Dagshai,d8c745cd-c866-4351-be6b-fef8ce66084e,1,""2025-11-01T20:00:39.649Z"",""2025-11-01T20:00:39.649Z""
11811db8-b557-4325-a91f-8590e7e1167a,dalhousie,Dalhousie,d8c745cd-c866-4351-be6b-fef8ce66084e,1,""2025-11-01T20:00:40.164Z"",""2025-11-01T20:00:40.164Z""
fc27259a-1704-4171-b1f8-08d544399ee8,himachal-pradesh,Himachal Pradesh,d8c745cd-c866-4351-be6b-fef8ce66084e,1,""2025-11-01T20:00:40.572Z"",""2025-11-01T20:00:40.572Z""
febae893-fc51-4e70-9907-4cc68c190bc3,kamru,Kamru,d8c745cd-c866-4351-be6b-fef8ce66084e,1,""2025-11-01T20:00:41.088Z"",""2025-11-01T20:00:41.088Z""
583ffc37-8950-43e2-a0ce-d2cd2e7a5cb1,kangra,Kangra,d8c745cd-c866-4351-be6b-fef8ce66084e,2,""2025-11-01T20:00:41.501Z"",""2025-11-01T20:00:41.501Z""
da135b87-2a2d-476f-9ac3-4d1f229dec5a,kangra-division,Kangra Division,d8c745cd-c866-4351-be6b-fef8ce66084e,1,""2025-11-01T20:00:42.216Z"",""2025-11-01T20:00:42.216Z""
0e812604-5ec7-4007-aed4-01862bc9f138,kasauli,Kasauli,d8c745cd-c866-4351-be6b-fef8ce66084e,1,""2025-11-01T20:00:42.628Z"",""2025-11-01T20:00:42.628Z""
7e3ae30d-1ed4-4a03-9db8-249c3499f127,key,Key,d8c745cd-c866-4351-be6b-fef8ce66084e,1,""2025-11-01T20:00:43.134Z"",""2025-11-01T20:00:43.134Z""
00edf8f3-8ed3-47a8-a1d2-9798b6a5e258,keylong,Keylong,d8c745cd-c866-4351-be6b-fef8ce66084e,1,""2025-11-01T20:00:43.549Z"",""2025-11-01T20:00:43.549Z""
a621d78d-bf16-4e65-b17f-dae19e986e26,kotgarh,Kotgarh,d8c745cd-c866-4351-be6b-fef8ce66084e,1,""2025-11-01T20:00:44.049Z"",""2025-11-01T20:00:44.049Z""
78c34580-e87f-4d2d-a9f3-351bf996e56a,losar-khas,Losar Khas,d8c745cd-c866-4351-be6b-fef8ce66084e,1,""2025-11-01T20:00:44.461Z"",""2025-11-01T20:00:44.461Z""
f6293665-170c-452d-b78c-b27fcc0113ca,manali,Manali,d8c745cd-c866-4351-be6b-fef8ce66084e,1,""2025-11-01T20:00:44.873Z"",""2025-11-01T20:00:44.873Z""
f8553ff8-810a-47f1-8293-73dd04c64f8d,mandi-division,Mandi Division,d8c745cd-c866-4351-be6b-fef8ce66084e,4,""2025-11-01T20:00:45.284Z"",""2025-11-01T20:00:45.284Z""
8200af57-4e37-462c-9cab-0fd501ea6b6f,manikaran,Manikaran,d8c745cd-c866-4351-be6b-fef8ce66084e,1,""2025-11-01T20:00:46.320Z"",""2025-11-01T20:00:46.320Z""
08c4e069-4bb6-4105-a5ff-38ec9aa0b4a6,nagal-saketi,Nagal Saketi,d8c745cd-c866-4351-be6b-fef8ce66084e,1,""2025-11-01T20:00:46.734Z"",""2025-11-01T20:00:46.734Z""
f47aecd9-7ae4-44dc-8d95-ecc8d5d5a1ff,padar,Padar,d8c745cd-c866-4351-be6b-fef8ce66084e,1,""2025-11-01T20:00:47.153Z"",""2025-11-01T20:00:47.153Z""
28b5a4ae-43c9-4522-add7-6b5e6a1c8cfc,ratanpur,Ratanpur,d8c745cd-c866-4351-be6b-fef8ce66084e,1,""2025-11-01T20:00:47.564Z"",""2025-11-01T20:00:47.564Z""
9e1ea814-64a1-4de9-9806-120a481a387c,sadhupul,Sadhupul,d8c745cd-c866-4351-be6b-fef8ce66084e,1,""2025-11-01T20:00:47.980Z"",""2025-11-01T20:00:47.980Z""
e2150978-f4ae-4b27-b4fc-7becfc847a4d,sarahan,Sarahan,d8c745cd-c866-4351-be6b-fef8ce66084e,1,""2025-11-01T20:00:48.389Z"",""2025-11-01T20:00:48.389Z""
480a8b73-518d-460c-b6c9-2c4d4382ec4e,shimla,Shimla,d8c745cd-c866-4351-be6b-fef8ce66084e,6,""2025-11-01T20:00:48.796Z"",""2025-11-01T20:00:48.796Z""
32dfc330-6bd2-447a-be8c-b757c7ae5800,shimla-division,Shimla Division,d8c745cd-c866-4351-be6b-fef8ce66084e,1,""2025-11-01T20:00:50.308Z"",""2025-11-01T20:00:50.308Z""
88432c29-057a-4236-88c9-d53c51392c27,gulmarg,Gulmarg,b3e206af-a8f3-4eaa-aa53-7b605edbccb4,2,""2025-11-01T20:00:54.192Z"",""2025-11-01T20:00:54.192Z""
dabba637-fcba-4f94-9703-a5bf6d731ddd,betla,Betla,f4a0f5d1-c40f-4ba4-9771-20a525b17bfb,1,""2025-11-01T20:00:55.119Z"",""2025-11-01T20:00:55.119Z""
25da86e8-36b8-45fa-b5fc-971753cdd894,ranchi,Ranchi,f4a0f5d1-c40f-4ba4-9771-20a525b17bfb,1,""2025-11-01T20:00:55.533Z"",""2025-11-01T20:00:55.533Z""
e28db518-1980-49fe-9230-3408ec2d68cb,badami,Badami,e6b645ee-d409-4039-b26d-e61e32bc0940,3,""2025-11-01T20:00:56.153Z"",""2025-11-01T20:00:56.153Z""
9d1808dc-c009-41bd-b23e-feeef1c8b8ad,basavana-bagewadi,Basavana Bagewadi,e6b645ee-d409-4039-b26d-e61e32bc0940,1,""2025-11-01T20:00:56.996Z"",""2025-11-01T20:00:56.996Z""
34a5bf53-9d5d-4655-847e-94d1b64f25bc,belur,Belur,e6b645ee-d409-4039-b26d-e61e32bc0940,1,""2025-11-01T20:00:57.408Z"",""2025-11-01T20:00:57.408Z""
79536fb2-e713-471e-b614-cab201570991,bengaluru,Bengaluru,e6b645ee-d409-4039-b26d-e61e32bc0940,7,""2025-11-01T20:00:57.817Z"",""2025-11-01T20:00:57.817Z""
cb42b72a-6f49-4146-91dc-5074e04489eb,bidar,Bidar,e6b645ee-d409-4039-b26d-e61e32bc0940,1,""2025-11-01T20:00:59.469Z"",""2025-11-01T20:00:59.469Z""
8c40a0cc-0e8b-4b0f-b02b-9897c0913e83,brhills,B.R.Hills,e6b645ee-d409-4039-b26d-e61e32bc0940,1,""2025-11-01T20:00:59.887Z"",""2025-11-01T20:00:59.887Z""
75ce197d-de1f-49b8-9cfe-d69259f9cdef,bylakuppe,Bylakuppe,e6b645ee-d409-4039-b26d-e61e32bc0940,1,""2025-11-01T20:01:00.300Z"",""2025-11-01T20:01:00.300Z""
13774cd6-8075-4407-8cf1-69ad6a94b15f,chikmagalur,Chikmagalur,e6b645ee-d409-4039-b26d-e61e32bc0940,1,""2025-11-01T20:01:00.719Z"",""2025-11-01T20:01:00.719Z""
44f20886-75be-45b7-a0da-540697ade354,dandeli,Dandeli,e6b645ee-d409-4039-b26d-e61e32bc0940,1,""2025-11-01T20:01:01.133Z"",""2025-11-01T20:01:01.133Z""
3d6955aa-da20-4b02-b7ad-319b1b0d5269,davanagere,Davanagere,e6b645ee-d409-4039-b26d-e61e32bc0940,1,""2025-11-01T20:01:01.544Z"",""2025-11-01T20:01:01.544Z""
9aa7a286-926a-4c5f-a3d7-4139b0c47bb7,halebeedu,Halebeedu,e6b645ee-d409-4039-b26d-e61e32bc0940,1,""2025-11-01T20:01:01.956Z"",""2025-11-01T20:01:01.956Z""
c81162e2-1c03-4b22-b58f-88cf2b33e7b4,hampi,Hampi,e6b645ee-d409-4039-b26d-e61e32bc0940,1,""2025-11-01T20:01:02.368Z"",""2025-11-01T20:01:02.368Z""
78570f81-dd0c-4df5-b2b6-8e865eaade1a,hebbettageri,Hebbettageri,e6b645ee-d409-4039-b26d-e61e32bc0940,1,""2025-11-01T20:01:02.780Z"",""2025-11-01T20:01:02.780Z""
43c8686f-8bc9-4070-a588-1910705acfa0,karnataka,Karnataka,e6b645ee-d409-4039-b26d-e61e32bc0940,1,""2025-11-01T20:01:03.192Z"",""2025-11-01T20:01:03.192Z""
75fd9490-5d05-4dc3-a3ba-18087d471016,katakeri,Katakeri,e6b645ee-d409-4039-b26d-e61e32bc0940,1,""2025-11-01T20:01:03.604Z"",""2025-11-01T20:01:03.604Z""
bc2906ef-8017-411f-b7bd-694d714c1fb5,kesavinamane,Kesavinamane,e6b645ee-d409-4039-b26d-e61e32bc0940,1,""2025-11-01T20:01:04.016Z"",""2025-11-01T20:01:04.016Z""
e087a78c-f771-4a5b-bdbc-52ddea72c1e2,kodthalli,Kodthalli,e6b645ee-d409-4039-b26d-e61e32bc0940,1,""2025-11-01T20:01:04.428Z"",""2025-11-01T20:01:04.428Z""
334fa2d8-af41-4dc1-9dfd-fe517d04e7ec,kollur,Kollur,e6b645ee-d409-4039-b26d-e61e32bc0940,2,""2025-11-01T20:01:04.840Z"",""2025-11-01T20:01:04.840Z""
7c7c5270-ad09-464e-989b-85860c1e893b,krishnarajasagara,Krishnarajasagara,e6b645ee-d409-4039-b26d-e61e32bc0940,1,""2025-11-01T20:01:05.460Z"",""2025-11-01T20:01:05.460Z""
d9520d73-8aba-4471-999d-5c48b6a7ca1c,kurchi,Kurchi,e6b645ee-d409-4039-b26d-e61e32bc0940,1,""2025-11-01T20:01:05.868Z"",""2025-11-01T20:01:05.868Z""
a79b0c3a-a0f7-49db-8434-005feea56f1b,magadi,Magadi,e6b645ee-d409-4039-b26d-e61e32bc0940,1,""2025-11-01T20:01:06.374Z"",""2025-11-01T20:01:06.374Z""
2fe0b42a-06e8-4fcf-b376-6f0a142edf43,murdeshwar,Murdeshwar,e6b645ee-d409-4039-b26d-e61e32bc0940,1,""2025-11-01T20:01:06.788Z"",""2025-11-01T20:01:06.788Z""
b4c3ea76-897f-4b0e-8a03-af64897cf87d,mysore-division,Mysore Division,e6b645ee-d409-4039-b26d-e61e32bc0940,2,""2025-11-01T20:01:07.203Z"",""2025-11-01T20:01:07.203Z""
c4e59695-ca28-40a2-9e81-5f9a2c0f0f0c,mysuru,Mysuru,e6b645ee-d409-4039-b26d-e61e32bc0940,4,""2025-11-01T20:01:07.822Z"",""2025-11-01T20:01:07.822Z""
99fbe377-c313-470f-bc7d-69fb6ee0cdd0,rajanukunte,Rajanukunte,e6b645ee-d409-4039-b26d-e61e32bc0940,1,""2025-11-01T20:01:08.936Z"",""2025-11-01T20:01:08.936Z""
b6772445-d952-439a-b389-4932d82afe5b,udupi,Udupi,e6b645ee-d409-4039-b26d-e61e32bc0940,1,""2025-11-01T20:01:09.352Z"",""2025-11-01T20:01:09.352Z""
dcf2eeaf-5067-4e7d-8f07-4ba4dd30b70f,vijayapura,Vijayapura,e6b645ee-d409-4039-b26d-e61e32bc0940,4,""2025-11-01T20:01:09.768Z"",""2025-11-01T20:01:09.768Z""
0fa3aa01-d182-439f-a179-22f317ac4c8c,alappuzha,Alappuzha,e053638c-961e-49e5-8367-e4b9c21cba69,3,""2025-11-01T20:01:11.092Z"",""2025-11-01T20:01:11.092Z""
4255919a-fda4-42d8-9959-5c3c825f4fb5,ambalapuzha,Ambalapuzha,e053638c-961e-49e5-8367-e4b9c21cba69,1,""2025-11-01T20:01:12.120Z"",""2025-11-01T20:01:12.120Z""
e847ca3c-45a0-4573-ba7a-ae4db1371b31,anchuthengu,Anchuthengu,e053638c-961e-49e5-8367-e4b9c21cba69,1,""2025-11-01T20:01:12.616Z"",""2025-11-01T20:01:12.616Z""
123e842f-0a55-462c-99e1-200e8f76c7d6,bekal,Bekal,e053638c-961e-49e5-8367-e4b9c21cba69,1,""2025-11-01T20:01:13.028Z"",""2025-11-01T20:01:13.028Z""
d023575e-b1e3-4112-a231-c755f6ed2e2b,chalakudy,Chalakudy,e053638c-961e-49e5-8367-e4b9c21cba69,1,""2025-11-01T20:01:13.442Z"",""2025-11-01T20:01:13.442Z""
362a0b96-0890-4c21-a957-5a4dc0fb7bf3,cqwmgp4,CQWM+GP4,e053638c-961e-49e5-8367-e4b9c21cba69,1,""2025-11-01T20:01:13.946Z"",""2025-11-01T20:01:13.946Z""
e550ca47-e5d9-43a3-a35d-ccf791c70db9,ernakulam,Ernakulam,e053638c-961e-49e5-8367-e4b9c21cba69,1,""2025-11-01T20:01:14.360Z"",""2025-11-01T20:01:14.360Z""
e631fb48-f1b3-4f5f-ada6-862b8317ff0f,guruvayur,Guruvayur,e053638c-961e-49e5-8367-e4b9c21cba69,1,""2025-11-01T20:01:14.776Z"",""2025-11-01T20:01:14.776Z""
8ea93c17-1754-44a2-996c-862a15d4b7a3,kannan-devan-hills,Kannan Devan Hills,e053638c-961e-49e5-8367-e4b9c21cba69,1,""2025-11-01T20:01:15.189Z"",""2025-11-01T20:01:15.189Z""
b39160cd-b2e5-4b30-9987-8b045fecdf34,kannur,Kannur,e053638c-961e-49e5-8367-e4b9c21cba69,1,""2025-11-01T20:01:15.601Z"",""2025-11-01T20:01:15.601Z""
008a3fdf-8618-437e-ae5c-557e64f5d1b6,kappad,Kappad,e053638c-961e-49e5-8367-e4b9c21cba69,1,""2025-11-01T20:01:16.106Z"",""2025-11-01T20:01:16.106Z""
951cd5af-fdb6-4cf5-a6c8-e7aba33cb057,kerala,Kerala,e053638c-961e-49e5-8367-e4b9c21cba69,1,""2025-11-01T20:01:16.521Z"",""2025-11-01T20:01:16.521Z""
be63c212-f9a6-4eed-9582-dd48f4a7ddfd,kizhunna-beach,Kizhunna Beach,e053638c-961e-49e5-8367-e4b9c21cba69,1,""2025-11-01T20:01:16.933Z"",""2025-11-01T20:01:16.933Z""
0ed8f091-5100-4cb3-8233-9bc6a1842765,kochi,Kochi,e053638c-961e-49e5-8367-e4b9c21cba69,8,""2025-11-01T20:01:17.351Z"",""2025-11-01T20:01:17.351Z""
c7c6e206-7039-446c-8fbe-ecd953f6e66f,kodungallur,Kodungallur,e053638c-961e-49e5-8367-e4b9c21cba69,3,""2025-11-01T20:01:19.284Z"",""2025-11-01T20:01:19.284Z""
f19eb0cb-e1a4-4739-aad5-1e1bc077c2e3,kozhikode,Kozhikode,e053638c-961e-49e5-8367-e4b9c21cba69,1,""2025-11-01T20:01:20.200Z"",""2025-11-01T20:01:20.200Z""
7489386b-c5e4-4d59-92b9-26df090963a1,kumarakom,Kumarakom,e053638c-961e-49e5-8367-e4b9c21cba69,1,""2025-11-01T20:01:20.612Z"",""2025-11-01T20:01:20.612Z""
77dd498f-e25f-4d9f-86bb-4b050ac50945,mahatma-gandhi-beach,Mahatma Gandhi Beach,e053638c-961e-49e5-8367-e4b9c21cba69,1,""2025-11-01T20:01:21.025Z"",""2025-11-01T20:01:21.025Z""
f1ef6a97-7e95-4665-8842-1adfb45ef615,malayattoor,Malayattoor,e053638c-961e-49e5-8367-e4b9c21cba69,1,""2025-11-01T20:01:21.527Z"",""2025-11-01T20:01:21.527Z""
018cba2a-c725-44fd-83b3-c75c11c55f60,munnar,Munnar,e053638c-961e-49e5-8367-e4b9c21cba69,2,""2025-11-01T20:01:21.935Z"",""2025-11-01T20:01:21.935Z""
844e7fc4-0d8e-47f9-8a66-7874b8f248fb,muthalamada-south,Muthalamada South,e053638c-961e-49e5-8367-e4b9c21cba69,1,""2025-11-01T20:01:22.658Z"",""2025-11-01T20:01:22.658Z""
123743a3-5ba6-462d-9421-391cff6d60bd,muzhuppilangad-drive-in-beach,Muzhuppilangad Drive-in Beach,e053638c-961e-49e5-8367-e4b9c21cba69,1,""2025-11-01T20:01:23.172Z"",""2025-11-01T20:01:23.172Z""
beda0843-7b5e-43c8-9d6e-6a063edd7bcc,nenmeni,Nenmeni,e053638c-961e-49e5-8367-e4b9c21cba69,1,""2025-11-01T20:01:23.676Z"",""2025-11-01T20:01:23.676Z""
3390b2cd-f27f-4496-86a9-b37bef11e637,palakkad,Palakkad,e053638c-961e-49e5-8367-e4b9c21cba69,1,""2025-11-01T20:01:24.198Z"",""2025-11-01T20:01:24.198Z""
e2b28a1c-6c62-4ca8-8131-b9537eba81b8,parayakadavu,Parayakadavu,e053638c-961e-49e5-8367-e4b9c21cba69,1,""2025-11-01T20:01:24.606Z"",""2025-11-01T20:01:24.606Z""
768bad8a-4001-485f-ab94-f7c76e82d555,pariyaram,Pariyaram,e053638c-961e-49e5-8367-e4b9c21cba69,2,""2025-11-01T20:01:25.014Z"",""2025-11-01T20:01:25.014Z""
1eec309b-35b5-4cc6-b4a8-963b1c84d44a,thiruvananthapuram,Thiruvananthapuram,e053638c-961e-49e5-8367-e4b9c21cba69,4,""2025-11-01T20:01:25.630Z"",""2025-11-01T20:01:25.630Z""
dac2820d-8898-482e-8be3-742e5dba209f,triprayar,Triprayar,e053638c-961e-49e5-8367-e4b9c21cba69,1,""2025-11-01T20:01:26.662Z"",""2025-11-01T20:01:26.662Z""
276890c4-eb6d-4a13-ba3a-10bc19a3a8fc,vattavada,Vattavada,e053638c-961e-49e5-8367-e4b9c21cba69,1,""2025-11-01T20:01:27.074Z"",""2025-11-01T20:01:27.074Z""
30cfd83b-32ef-4cfc-8307-8975f5d09645,vypin,Vypin,e053638c-961e-49e5-8367-e4b9c21cba69,1,""2025-11-01T20:01:27.565Z"",""2025-11-01T20:01:27.565Z""
60985f43-077b-4ef3-aa75-504c795cbca4,alchi,Alchi,465ac2e7-a3c1-4c2d-815b-c81b392f5a39,1,""2025-11-01T20:01:28.287Z"",""2025-11-01T20:01:28.287Z""
adb79610-ff2a-4500-8a26-8a7c839f1a00,bhopal,Bhopal,71cdf47f-951f-4a42-b063-47bc22433fb8,2,""2025-11-01T20:01:30.641Z"",""2025-11-01T20:01:30.641Z""
1a69b92b-d34e-4cf8-9060-72428bbeda01,bhopal-division,Bhopal Division,71cdf47f-951f-4a42-b063-47bc22433fb8,1,""2025-11-01T20:01:31.367Z"",""2025-11-01T20:01:31.367Z""
9d6b4533-a53c-4102-bd8f-25d9962eb83f,chambal-division,Chambal Division,71cdf47f-951f-4a42-b063-47bc22433fb8,1,""2025-11-01T20:01:31.779Z"",""2025-11-01T20:01:31.779Z""
173eca66-edbc-476f-9af8-43873e887b35,gwalior,Gwalior,71cdf47f-951f-4a42-b063-47bc22433fb8,1,""2025-11-01T20:01:32.190Z"",""2025-11-01T20:01:32.190Z""
a6b37832-3597-45a7-9f34-db0c2b4ea167,gwari,Gwari,71cdf47f-951f-4a42-b063-47bc22433fb8,1,""2025-11-01T20:01:32.648Z"",""2025-11-01T20:01:32.648Z""
d83bb70f-e7a5-4230-bdb9-e5d7d04c10b3,indore,Indore,71cdf47f-951f-4a42-b063-47bc22433fb8,1,""2025-11-01T20:01:33.059Z"",""2025-11-01T20:01:33.059Z""
117ca940-8ec6-434c-ba8a-d71f029eb09d,jabalpur-division,Jabalpur Division,71cdf47f-951f-4a42-b063-47bc22433fb8,1,""2025-11-01T20:01:33.509Z"",""2025-11-01T20:01:33.509Z""
38d22d8f-817c-4dfe-a469-5adfa7271768,kajri,Kajri,71cdf47f-951f-4a42-b063-47bc22433fb8,1,""2025-11-01T20:01:34.024Z"",""2025-11-01T20:01:34.024Z""
95b2af76-b3ed-4413-8a79-e8da7197c013,katangi,Katangi,71cdf47f-951f-4a42-b063-47bc22433fb8,1,""2025-11-01T20:01:34.439Z"",""2025-11-01T20:01:34.439Z""
2e7156cd-6640-4976-9ebb-7f66834ddb28,khajuraho,Khajuraho,71cdf47f-951f-4a42-b063-47bc22433fb8,1,""2025-11-01T20:01:34.950Z"",""2025-11-01T20:01:34.950Z""
78be0353-2cc3-4679-ba89-c1aab72939d8,mandhata,Mandhata,71cdf47f-951f-4a42-b063-47bc22433fb8,1,""2025-11-01T20:01:35.362Z"",""2025-11-01T20:01:35.362Z""
537b9539-c9c3-4466-9558-06ac6111c7dc,orchha,Orchha,71cdf47f-951f-4a42-b063-47bc22433fb8,1,""2025-11-01T20:01:35.871Z"",""2025-11-01T20:01:35.871Z""
91ed4d7a-9fd8-4564-8519-95832bed57a8,sagar-division,Sagar Division,71cdf47f-951f-4a42-b063-47bc22433fb8,1,""2025-11-01T20:01:36.368Z"",""2025-11-01T20:01:36.368Z""
d72289b2-1ac8-4306-940c-6595bc1453e3,satna,Satna,71cdf47f-951f-4a42-b063-47bc22433fb8,1,""2025-11-01T20:01:36.894Z"",""2025-11-01T20:01:36.894Z""
3986c5f5-6331-4755-b6e1-aedea81a3443,shivpuri,Shivpuri,71cdf47f-951f-4a42-b063-47bc22433fb8,1,""2025-11-01T20:01:37.307Z"",""2025-11-01T20:01:37.307Z""
c1671637-157b-4f3c-8bca-38878d232295,ujjain,Ujjain,71cdf47f-951f-4a42-b063-47bc22433fb8,1,""2025-11-01T20:01:37.810Z"",""2025-11-01T20:01:37.810Z""
06ce48d1-a534-49e2-bb54-437be196aa08,amravati,Amravati,eacaa244-400a-4efe-b15f-439302febdcf,1,""2025-11-01T20:01:38.530Z"",""2025-11-01T20:01:38.530Z""
d3e5a3b7-3388-4297-86be-158fc5847870,aurangabad-division,Aurangabad Division,eacaa244-400a-4efe-b15f-439302febdcf,1,""2025-11-01T20:01:38.944Z"",""2025-11-01T20:01:38.944Z""
fc23bae5-5101-42e2-be4c-19f276d64281,bhimashankar,Bhimashankar,eacaa244-400a-4efe-b15f-439302febdcf,1,""2025-11-01T20:01:39.358Z"",""2025-11-01T20:01:39.358Z""
332a50b7-f943-4cda-8ee7-649e457f0eec,chandikawadi,Chandikawadi,eacaa244-400a-4efe-b15f-439302febdcf,1,""2025-11-01T20:01:39.855Z"",""2025-11-01T20:01:39.855Z""
1f4bee16-0049-4c3f-83cd-c913411516f6,chapadgaon,Chapadgaon,eacaa244-400a-4efe-b15f-439302febdcf,1,""2025-11-01T20:01:40.370Z"",""2025-11-01T20:01:40.370Z""
31efeeef-8dad-4550-9df8-dfe1a434452a,chhatrapati-sambhajinagar,Chhatrapati Sambhajinagar,eacaa244-400a-4efe-b15f-439302febdcf,1,""2025-11-01T20:01:40.885Z"",""2025-11-01T20:01:40.885Z""
a2376f79-e8c6-4d14-82a4-056225f5cc24,daulatabad,Daulatabad,eacaa244-400a-4efe-b15f-439302febdcf,1,""2025-11-01T20:01:41.299Z"",""2025-11-01T20:01:41.299Z""
9fd823b0-bcba-428f-b04f-b3bf43aba05c,ganpatipule,Ganpatipule,eacaa244-400a-4efe-b15f-439302febdcf,1,""2025-11-01T20:01:41.707Z"",""2025-11-01T20:01:41.707Z""
48dc1195-c308-40b1-a518-f62f72e56042,gharapuri,Gharapuri,eacaa244-400a-4efe-b15f-439302febdcf,1,""2025-11-01T20:01:42.218Z"",""2025-11-01T20:01:42.218Z""
7a7241e8-ecb2-4600-a49e-5feb95bf2829,gherapurandhar,Gherapurandhar,eacaa244-400a-4efe-b15f-439302febdcf,1,""2025-11-01T20:01:42.632Z"",""2025-11-01T20:01:42.632Z""
e1822a2d-e14b-496b-9d5a-045afb355996,girgaon-chowpatty,Girgaon Chowpatty,eacaa244-400a-4efe-b15f-439302febdcf,1,""2025-11-01T20:01:43.134Z"",""2025-11-01T20:01:43.134Z""
3fc0e266-14e9-457d-859c-de960c22df55,junnar,Junnar,eacaa244-400a-4efe-b15f-439302febdcf,1,""2025-11-01T20:01:43.651Z"",""2025-11-01T20:01:43.651Z""
fe9f8ee5-ab27-490f-9bc9-e08cb8ddbd25,konkan-division,Konkan Division,eacaa244-400a-4efe-b15f-439302febdcf,1,""2025-11-01T20:01:44.063Z"",""2025-11-01T20:01:44.063Z""
4892ed90-dd3d-4751-8641-bb70546c1bb6,lonavala,Lonavala,eacaa244-400a-4efe-b15f-439302febdcf,2,""2025-11-01T20:01:44.475Z"",""2025-11-01T20:01:44.475Z""
4eadc8e6-acfd-4e06-870c-88633325fa2b,maharashtra,Maharashtra,eacaa244-400a-4efe-b15f-439302febdcf,1,""2025-11-01T20:01:45.095Z"",""2025-11-01T20:01:45.095Z""
8deee0ee-281b-4e78-b86d-3a8d1e8ce25c,maratha,Maratha,eacaa244-400a-4efe-b15f-439302febdcf,1,""2025-11-01T20:01:45.511Z"",""2025-11-01T20:01:45.511Z""
3c150875-fc1f-4ab8-94ce-53c0024d309b,mumbai,Mumbai,eacaa244-400a-4efe-b15f-439302febdcf,14,""2025-11-01T20:01:46.002Z"",""2025-11-01T20:01:46.002Z""
99fb5cf5-2e91-4017-a77b-9012c742ae41,nagpur,Nagpur,eacaa244-400a-4efe-b15f-439302febdcf,7,""2025-11-01T20:01:49.223Z"",""2025-11-01T20:01:49.223Z""
db4b52d5-72a0-4a5a-b408-8c77308386bd,nagpur-division,Nagpur Division,eacaa244-400a-4efe-b15f-439302febdcf,1,""2025-11-01T20:01:50.973Z"",""2025-11-01T20:01:50.973Z""
060f048a-0534-4596-9c38-fa9078cd023e,nashik,Nashik,eacaa244-400a-4efe-b15f-439302febdcf,1,""2025-11-01T20:01:51.429Z"",""2025-11-01T20:01:51.429Z""
13d57470-3e08-46bc-9704-8047e8603f0e,nashik-division,Nashik Division,eacaa244-400a-4efe-b15f-439302febdcf,1,""2025-11-01T20:01:51.941Z"",""2025-11-01T20:01:51.941Z""
9c1326c5-3b27-47bf-8a14-c75f94120d83,navi-mumbai,Navi Mumbai,eacaa244-400a-4efe-b15f-439302febdcf,1,""2025-11-01T20:01:52.355Z"",""2025-11-01T20:01:52.355Z""
36a67736-e54e-4e71-a917-6281d1fc4b45,olavan,Olavan,eacaa244-400a-4efe-b15f-439302febdcf,1,""2025-11-01T20:01:52.859Z"",""2025-11-01T20:01:52.859Z""
6cfba372-204b-4fa9-80a8-3fa64a28d76e,paithan,Paithan,eacaa244-400a-4efe-b15f-439302febdcf,1,""2025-11-01T20:01:53.370Z"",""2025-11-01T20:01:53.370Z""
a03425e8-5511-4bdf-8cb8-52fbf1f5ea07,panhala,Panhala,eacaa244-400a-4efe-b15f-439302febdcf,1,""2025-11-01T20:01:53.888Z"",""2025-11-01T20:01:53.888Z""
230ea7e8-97b9-4511-b4b6-506fcfa4d9c0,pune,Pune,eacaa244-400a-4efe-b15f-439302febdcf,5,""2025-11-01T20:01:54.403Z"",""2025-11-01T20:01:54.403Z""
0b66f32f-b20a-4cfe-bb78-a848e750cb0b,shani-shingnapur,Shani Shingnapur,eacaa244-400a-4efe-b15f-439302febdcf,1,""2025-11-01T20:01:55.746Z"",""2025-11-01T20:01:55.746Z""
c8d675a7-58a7-4d2d-8147-5aef982434cf,shirdi,Shirdi,eacaa244-400a-4efe-b15f-439302febdcf,1,""2025-11-01T20:01:56.237Z"",""2025-11-01T20:01:56.237Z""
af249334-7222-4f9e-957b-ece0d35f4fe9,thoptewadi,Thoptewadi,eacaa244-400a-4efe-b15f-439302febdcf,1,""2025-11-01T20:01:56.651Z"",""2025-11-01T20:01:56.651Z""
50792a1f-d68e-4e10-9c03-00fe78c0dfdd,verul,Verul,eacaa244-400a-4efe-b15f-439302febdcf,2,""2025-11-01T20:01:57.063Z"",""2025-11-01T20:01:57.063Z""
b5fe0ab1-a9f6-4524-aac6-171d46aadfbd,keibul-lamjao-rd,Keibul Lamjao Rd,e5c0b640-40a5-43cf-9c97-8c4279ed905e,1,""2025-11-01T20:01:58.593Z"",""2025-11-01T20:01:58.593Z""
44ecc8e5-9133-4b13-9089-fa544119e6be,loktak-lake,Loktak Lake,e5c0b640-40a5-43cf-9c97-8c4279ed905e,1,""2025-11-01T20:01:59.122Z"",""2025-11-01T20:01:59.122Z""
054625ce-2953-415c-821b-9fc668ef81b9,baghmara,Baghmara,67a2ac35-6371-4f34-9309-ce95f87dcb10,1,""2025-11-01T20:01:59.743Z"",""2025-11-01T20:01:59.743Z""
7d3528b3-ce27-4837-aefd-cfe65ed0e90d,shillong,Shillong,67a2ac35-6371-4f34-9309-ce95f87dcb10,2,""2025-11-01T20:02:00.155Z"",""2025-11-01T20:02:00.155Z""
a3f732b4-2e8f-4365-b864-c68920b2c882,promenade-beach,Promenade Beach,ad2447da-4022-48c3-b53a-d5c50b38ccc3,1,""2025-11-01T20:02:09.758Z"",""2025-11-01T20:02:09.758Z""
c14f6ea0-7203-4d1f-b634-e47822c308cf,puducherry,Puducherry,ad2447da-4022-48c3-b53a-d5c50b38ccc3,1,""2025-11-01T20:02:10.382Z"",""2025-11-01T20:02:10.382Z""
2cb42a94-a713-415e-a4cb-00e5f2537f24,thirunallar,Thirunallar,ad2447da-4022-48c3-b53a-d5c50b38ccc3,1,""2025-11-01T20:02:10.856Z"",""2025-11-01T20:02:10.856Z""
b0ffa2c5-1d90-423e-ba9b-9b5b36ac82da,amritsar,Amritsar,76be5eb2-8c18-413f-8c80-f929a9540389,4,""2025-11-01T20:02:11.494Z"",""2025-11-01T20:02:11.494Z""
5faf79de-5a59-46b4-aa8c-252b84197c01,machhiwara,Machhiwara,76be5eb2-8c18-413f-8c80-f929a9540389,1,""2025-11-01T20:02:12.530Z"",""2025-11-01T20:02:12.530Z""
cbc03dcc-6c89-42fa-a6d4-135690c1d9e2,patiala,Patiala,76be5eb2-8c18-413f-8c80-f929a9540389,1,""2025-11-01T20:02:13.036Z"",""2025-11-01T20:02:13.036Z""
236340e5-033c-4536-ae6d-a9deb4b7812d,ajmer,Ajmer,e398cc6e-8469-4285-a69c-897b083d7782,2,""2025-11-01T20:02:13.820Z"",""2025-11-01T20:02:13.820Z""
77ad3686-93d0-453b-92ae-a31a44082c3b,banwaripur,Banwaripur,e398cc6e-8469-4285-a69c-897b083d7782,1,""2025-11-01T20:02:14.442Z"",""2025-11-01T20:02:14.442Z""
db52cf60-b287-4ae1-839f-95ffabcf35e8,bharatpur,Bharatpur,e398cc6e-8469-4285-a69c-897b083d7782,1,""2025-11-01T20:02:14.878Z"",""2025-11-01T20:02:14.878Z""
5cd0adbf-423c-4773-9075-a6790651e66a,bijolia,Bijolia,e398cc6e-8469-4285-a69c-897b083d7782,1,""2025-11-01T20:02:15.294Z"",""2025-11-01T20:02:15.294Z""
a69d6a8a-12bd-4050-949e-3727d61bee0c,bikaner,Bikaner,e398cc6e-8469-4285-a69c-897b083d7782,4,""2025-11-01T20:02:15.740Z"",""2025-11-01T20:02:15.740Z""
e50fc6fa-976d-4404-ad7f-bf996a29fded,chittorgarh,Chittorgarh,e398cc6e-8469-4285-a69c-897b083d7782,1,""2025-11-01T20:02:16.776Z"",""2025-11-01T20:02:16.776Z""
c8a32e56-7c54-4303-aa41-6fc69dd07042,deshnok,Deshnok,e398cc6e-8469-4285-a69c-897b083d7782,1,""2025-11-01T20:02:17.187Z"",""2025-11-01T20:02:17.187Z""
463f9b2c-5447-4bb4-8f39-951ddefb3485,jaipur,Jaipur,e398cc6e-8469-4285-a69c-897b083d7782,9,""2025-11-01T20:02:17.640Z"",""2025-11-01T20:02:17.640Z""
d57a4aaf-7bc4-4168-82f1-9f2c6bfa6bf5,jaipur-division,Jaipur Division,e398cc6e-8469-4285-a69c-897b083d7782,1,""2025-11-01T20:02:19.819Z"",""2025-11-01T20:02:19.819Z""
f2959b91-6e60-4798-9638-c0a8943bdc14,jaisalmer,Jaisalmer,e398cc6e-8469-4285-a69c-897b083d7782,4,""2025-11-01T20:02:20.233Z"",""2025-11-01T20:02:20.233Z""
f6b3e1ac-7398-4850-af38-aea253887b33,jodhpur,Jodhpur,e398cc6e-8469-4285-a69c-897b083d7782,2,""2025-11-01T20:02:21.267Z"",""2025-11-01T20:02:21.267Z""
72ff2ce6-c1e1-48bd-9cf5-c9b2adca4546,kumbhalgarh,Kumbhalgarh,e398cc6e-8469-4285-a69c-897b083d7782,1,""2025-11-01T20:02:21.950Z"",""2025-11-01T20:02:21.950Z""
7e3ff55a-b114-4310-8bf0-30ce9edf8a29,mount-abu,Mount Abu,e398cc6e-8469-4285-a69c-897b083d7782,2,""2025-11-01T20:02:22.365Z"",""2025-11-01T20:02:22.365Z""
7638a1dd-fc0d-404f-aa71-f0ae349eb272,osian,Osian,e398cc6e-8469-4285-a69c-897b083d7782,1,""2025-11-01T20:02:22.989Z"",""2025-11-01T20:02:22.989Z""
d2e5f548-7ac0-4504-b448-ef0a8d5decc3,pushkar,Pushkar,e398cc6e-8469-4285-a69c-897b083d7782,2,""2025-11-01T20:02:23.404Z"",""2025-11-01T20:02:23.404Z""
075fbaf1-a197-4462-83f4-716f076ef1a2,qila-kumbhalgarh,Qila Kumbhalgarh,e398cc6e-8469-4285-a69c-897b083d7782,1,""2025-11-01T20:02:24.100Z"",""2025-11-01T20:02:24.100Z""
9d69a723-f78b-4fc0-9d25-e0d8e814dee9,shekhawati,Shekhawati,e398cc6e-8469-4285-a69c-897b083d7782,1,""2025-11-01T20:02:24.602Z"",""2025-11-01T20:02:24.602Z""
0971f205-035a-4b9f-a6d6-c7721f937b66,udaipur,Udaipur,e398cc6e-8469-4285-a69c-897b083d7782,5,""2025-11-01T20:02:25.117Z"",""2025-11-01T20:02:25.117Z""
b3f0275e-0bfa-4ef0-a9ac-55388612c5b3,udaipur-division,Udaipur Division,e398cc6e-8469-4285-a69c-897b083d7782,1,""2025-11-01T20:02:26.371Z"",""2025-11-01T20:02:26.371Z""
7382dbc8-5a10-497c-a53b-d58e68ce4da0,gangtok,Gangtok,65e0f802-c06e-42f2-afed-a1cbac8f5a54,1,""2025-11-01T20:02:28.838Z"",""2025-11-01T20:02:28.838Z""
45c9bd4d-c3e9-465a-8637-49dcac5736d8,gurudongmar-lake,Gurudongmar Lake,65e0f802-c06e-42f2-afed-a1cbac8f5a54,1,""2025-11-01T20:02:29.319Z"",""2025-11-01T20:02:29.319Z""
858ffd8d-1c4f-4327-8a82-ce4adef908d9,gyalshing-city,Gyalshing city,65e0f802-c06e-42f2-afed-a1cbac8f5a54,1,""2025-11-01T20:02:29.730Z"",""2025-11-01T20:02:29.730Z""
b6b853fe-46e6-4d1a-9731-ef972e95e4d2,namchi,Namchi,65e0f802-c06e-42f2-afed-a1cbac8f5a54,1,""2025-11-01T20:02:30.143Z"",""2025-11-01T20:02:30.143Z""
c4eaa3df-df7c-4769-90c8-7589dbb4dbc0,sikkim,Sikkim,65e0f802-c06e-42f2-afed-a1cbac8f5a54,1,""2025-11-01T20:02:30.551Z"",""2025-11-01T20:02:30.551Z""
b7609cfd-a276-4206-bcee-da91282576f0,tsongmo-lake,Tsongmo Lake,65e0f802-c06e-42f2-afed-a1cbac8f5a54,1,""2025-11-01T20:02:30.963Z"",""2025-11-01T20:02:30.963Z""
eeac5f83-09e5-4943-a70b-62cedc46c88a,6f5pjvp,6F5P+JVP,f7a92ec1-5481-4b64-a570-903d43c7475c,1,""2025-11-01T20:02:33.818Z"",""2025-11-01T20:02:33.818Z""
cb694820-437a-4832-9f3e-9bcf91c2ad58,chennai,Chennai,f7a92ec1-5481-4b64-a570-903d43c7475c,7,""2025-11-01T20:02:34.343Z"",""2025-11-01T20:02:34.343Z""
6e3ea1a8-ac11-4732-bb72-787d86581b91,chidambaram,Chidambaram,f7a92ec1-5481-4b64-a570-903d43c7475c,3,""2025-11-01T20:02:36.011Z"",""2025-11-01T20:02:36.011Z""
85f28867-333f-453f-bbd0-d1519739f562,coimbatore,Coimbatore,f7a92ec1-5481-4b64-a570-903d43c7475c,2,""2025-11-01T20:02:36.839Z"",""2025-11-01T20:02:36.839Z""
3190a95f-1567-4879-9441-fc0343a559d0,courtallam,Courtallam,f7a92ec1-5481-4b64-a570-903d43c7475c,1,""2025-11-01T20:02:37.551Z"",""2025-11-01T20:02:37.551Z""
32853906-38ec-4e74-9142-5b042d30e840,doddabetta-peak,Doddabetta Peak,f7a92ec1-5481-4b64-a570-903d43c7475c,1,""2025-11-01T20:02:37.963Z"",""2025-11-01T20:02:37.963Z""
0b322164-ba7c-48f0-9553-6f53a698c1a9,hogenakkal,Hogenakkal,f7a92ec1-5481-4b64-a570-903d43c7475c,1,""2025-11-01T20:02:38.374Z"",""2025-11-01T20:02:38.374Z""
2f9b5d04-3741-43ec-b7d9-1d1c22da5b42,jangalapalli-rf,Jangalapalli R.F.,f7a92ec1-5481-4b64-a570-903d43c7475c,1,""2025-11-01T20:02:38.787Z"",""2025-11-01T20:02:38.787Z""
1368a018-fdc4-4f31-9fa2-3949c6e16926,kanchipuram,Kanchipuram,f7a92ec1-5481-4b64-a570-903d43c7475c,2,""2025-11-01T20:02:39.256Z"",""2025-11-01T20:02:39.256Z""
ca413b1a-576a-486d-b114-93a893eeff32,kanniyakumari,Kanniyakumari,f7a92ec1-5481-4b64-a570-903d43c7475c,1,""2025-11-01T20:02:39.879Z"",""2025-11-01T20:02:39.879Z""
0673f409-2485-4ce5-952d-259f1c813859,keelaiyur,Keelaiyur,f7a92ec1-5481-4b64-a570-903d43c7475c,1,""2025-11-01T20:02:40.290Z"",""2025-11-01T20:02:40.290Z""
fb34e03e-f9dc-4254-b763-f1e34afd258c,kodaikanal,Kodaikanal,f7a92ec1-5481-4b64-a570-903d43c7475c,2,""2025-11-01T20:02:40.704Z"",""2025-11-01T20:02:40.704Z""
73fc70c0-9ca7-4730-912a-8f33f5df4bf9,kodiyakarai,Kodiyakarai,f7a92ec1-5481-4b64-a570-903d43c7475c,1,""2025-11-01T20:02:41.327Z"",""2025-11-01T20:02:41.327Z""
7a8c7f50-3fe0-4cf2-9b27-ad3a29080b19,kotagiri,Kotagiri,f7a92ec1-5481-4b64-a570-903d43c7475c,1,""2025-11-01T20:02:41.739Z"",""2025-11-01T20:02:41.739Z""
f68b1f44-5f28-46d2-a213-04cf1b7195b9,kumaracoil,Kumaracoil,f7a92ec1-5481-4b64-a570-903d43c7475c,1,""2025-11-01T20:02:42.147Z"",""2025-11-01T20:02:42.147Z""
ba649df8-9b49-4d36-bca4-e655af8baee1,madurai,Madurai,f7a92ec1-5481-4b64-a570-903d43c7475c,1,""2025-11-01T20:02:42.559Z"",""2025-11-01T20:02:42.559Z""
3d053594-0505-4328-b201-bfdfa7d0f9dc,mahabalipuram,Mahabalipuram,f7a92ec1-5481-4b64-a570-903d43c7475c,5,""2025-11-01T20:02:42.967Z"",""2025-11-01T20:02:42.967Z""
245a0353-b410-41d5-90e9-d4511f7983ba,mahabalipuram-beach,Mahabalipuram Beach,f7a92ec1-5481-4b64-a570-903d43c7475c,1,""2025-11-01T20:02:44.207Z"",""2025-11-01T20:02:44.207Z""
b4c85374-337f-4c0a-b994-c78fa8d2e561,marina-beach,Marina Beach,f7a92ec1-5481-4b64-a570-903d43c7475c,1,""2025-11-01T20:02:44.618Z"",""2025-11-01T20:02:44.618Z""
fb4d1908-322d-45d4-8135-9afa4d567dea,megamalai,Megamalai,f7a92ec1-5481-4b64-a570-903d43c7475c,1,""2025-11-01T20:02:45.031Z"",""2025-11-01T20:02:45.031Z""
ae113c81-3533-4481-a5b4-a47a4d438d1d,mettupalayam,Mettupalayam,f7a92ec1-5481-4b64-a570-903d43c7475c,1,""2025-11-01T20:02:45.442Z"",""2025-11-01T20:02:45.442Z""
dcb1a239-9e66-4f25-880e-26e284307eae,mudumalai,Mudumalai,f7a92ec1-5481-4b64-a570-903d43c7475c,1,""2025-11-01T20:02:45.896Z"",""2025-11-01T20:02:45.896Z""
33e3a1a6-8fb7-4bfd-ba7f-0978b5548c64,nagalathu-extension-r-f,Nagalathu Extension R F,f7a92ec1-5481-4b64-a570-903d43c7475c,1,""2025-11-01T20:02:46.311Z"",""2025-11-01T20:02:46.311Z""
db0fc13a-f29f-43d4-9aa7-81fbdd066375,nilgiri-hills,Nilgiri hills,f7a92ec1-5481-4b64-a570-903d43c7475c,1,""2025-11-01T20:02:46.723Z"",""2025-11-01T20:02:46.723Z""
12b36c1f-d085-4003-b38b-e73d41ec0e4d,ooty,Ooty,f7a92ec1-5481-4b64-a570-903d43c7475c,1,""2025-11-01T20:02:47.135Z"",""2025-11-01T20:02:47.135Z""
cb4a55f3-8810-4825-855d-aae16331d2d5,papanasam,Papanasam,f7a92ec1-5481-4b64-a570-903d43c7475c,1,""2025-11-01T20:02:47.542Z"",""2025-11-01T20:02:47.542Z""
3044a88a-8d49-4551-ae8b-42450ff51a0a,pollachi,Pollachi,f7a92ec1-5481-4b64-a570-903d43c7475c,2,""2025-11-01T20:02:47.951Z"",""2025-11-01T20:02:47.951Z""
c5466673-0f80-4493-9adb-4f215252f6a4,salem,Salem,f7a92ec1-5481-4b64-a570-903d43c7475c,1,""2025-11-01T20:02:48.670Z"",""2025-11-01T20:02:48.670Z""
8cbb6527-f6ad-48d8-bd6b-7d11d412e9eb,sarabendrarajanpattinam,Sarabendrarajanpattinam,f7a92ec1-5481-4b64-a570-903d43c7475c,1,""2025-11-01T20:02:49.150Z"",""2025-11-01T20:02:49.150Z""
bc20bf46-3ac7-4d6f-8b8d-60b6fa747e92,srivilliputhur,Srivilliputhur,f7a92ec1-5481-4b64-a570-903d43c7475c,1,""2025-11-01T20:02:49.562Z"",""2025-11-01T20:02:49.562Z""
73b5d7fe-cb7f-4c94-a62a-b290d0d3d83c,thanjavur,Thanjavur,f7a92ec1-5481-4b64-a570-903d43c7475c,2,""2025-11-01T20:02:49.970Z"",""2025-11-01T20:02:49.970Z""
8905193c-8c7b-40aa-bb53-5034e0f72b43,tharangambadi,Tharangambadi,f7a92ec1-5481-4b64-a570-903d43c7475c,1,""2025-11-01T20:02:50.591Z"",""2025-11-01T20:02:50.591Z""
09256571-eb0a-4ed7-82bf-f747cc9566d0,thiruchendur,Thiruchendur,f7a92ec1-5481-4b64-a570-903d43c7475c,1,""2025-11-01T20:02:50.999Z"",""2025-11-01T20:02:50.999Z""
2ff14b6c-750f-45b2-9909-6d1f944ac50f,thuckalay,Thuckalay,f7a92ec1-5481-4b64-a570-903d43c7475c,1,""2025-11-01T20:02:51.417Z"",""2025-11-01T20:02:51.417Z""
21fb184b-20dd-4aaf-94ee-aa7488c8e3ac,tiruvannamalai,Tiruvannamalai,f7a92ec1-5481-4b64-a570-903d43c7475c,1,""2025-11-01T20:02:51.827Z"",""2025-11-01T20:02:51.827Z""
18477d3a-e059-4d18-bde0-035d4103d446,udhagamndalam,Udhagamndalam,f7a92ec1-5481-4b64-a570-903d43c7475c,1,""2025-11-01T20:02:52.234Z"",""2025-11-01T20:02:52.234Z""
0523dcb4-6b76-4b4e-bd49-cec309df1ecd,vandalur,Vandalur,f7a92ec1-5481-4b64-a570-903d43c7475c,1,""2025-11-01T20:02:52.647Z"",""2025-11-01T20:02:52.647Z""
01d0cbb2-b68d-4ab9-a516-f47bba42d1ce,yelagiri,Yelagiri,f7a92ec1-5481-4b64-a570-903d43c7475c,1,""2025-11-01T20:02:53.076Z"",""2025-11-01T20:02:53.076Z""
e9a2b7a1-e384-417f-8026-c757a7b2af9d,yercaud,Yercaud,f7a92ec1-5481-4b64-a570-903d43c7475c,1,""2025-11-01T20:02:53.491Z"",""2025-11-01T20:02:53.491Z""
130051e5-835a-4528-b320-6b4f62bf5542,domalapenta,Domalapenta,ee145b25-21b3-46c9-80a9-c693fcb0942e,1,""2025-11-01T20:02:54.814Z"",""2025-11-01T20:02:54.814Z""
bbf93732-1330-43d9-84c8-1311ca691938,hyderabad,Hyderabad,ee145b25-21b3-46c9-80a9-c693fcb0942e,11,""2025-11-01T20:02:55.222Z"",""2025-11-01T20:02:55.222Z""
a550f188-ffe2-41a8-8541-3b23a97a0df6,warangal,Warangal,ee145b25-21b3-46c9-80a9-c693fcb0942e,1,""2025-11-01T20:02:57.715Z"",""2025-11-01T20:02:57.715Z""
8579aa84-6b31-40e3-9a62-5e20f89ee714,agra,Agra,4239cee0-2ca0-4b06-a446-6446b1035ce0,2,""2025-11-01T20:03:01.799Z"",""2025-11-01T20:03:01.799Z""
35f96e5f-c836-4e91-82cf-7d3a4c9c97db,fatehpur-sikri,Fatehpur Sikri,4239cee0-2ca0-4b06-a446-6446b1035ce0,1,""2025-11-01T20:03:02.494Z"",""2025-11-01T20:03:02.494Z""
6bcfe399-3cc9-4ca9-982a-76ed9db52d38,gadeneya,Gadeneya,4239cee0-2ca0-4b06-a446-6446b1035ce0,1,""2025-11-01T20:03:02.906Z"",""2025-11-01T20:03:02.906Z""
114630b1-3cc0-4441-9954-679da63d2e9d,kanpur,Kanpur,4239cee0-2ca0-4b06-a446-6446b1035ce0,3,""2025-11-01T20:03:03.319Z"",""2025-11-01T20:03:03.319Z""
6c2819c9-cfea-4453-a62f-6a04fecb850c,lucknow,Lucknow,4239cee0-2ca0-4b06-a446-6446b1035ce0,5,""2025-11-01T20:03:04.147Z"",""2025-11-01T20:03:04.147Z""
030becf2-2adc-4975-84b2-22c375ad8736,prayagraj,Prayagraj,4239cee0-2ca0-4b06-a446-6446b1035ce0,2,""2025-11-01T20:03:05.395Z"",""2025-11-01T20:03:05.395Z""
764e51b0-a1af-41fe-bd75-d441756ae777,tammanpatti,Tammanpatti,4239cee0-2ca0-4b06-a446-6446b1035ce0,1,""2025-11-01T20:03:06.014Z"",""2025-11-01T20:03:06.014Z""
0d041324-370d-4039-aebb-d5889f7a6ad0,varanasi,Varanasi,4239cee0-2ca0-4b06-a446-6446b1035ce0,7,""2025-11-01T20:03:06.427Z"",""2025-11-01T20:03:06.427Z""
605038b1-89ca-48d8-bae8-369e8a33377c,vrindavan,Vrindavan,4239cee0-2ca0-4b06-a446-6446b1035ce0,1,""2025-11-01T20:03:08.154Z"",""2025-11-01T20:03:08.154Z""
1b184330-d053-494a-a3bb-5b3d8e2a6d0c,almora,Almora,01a10319-5fec-40f8-b100-3ebed1095e89,1,""2025-11-01T20:03:08.766Z"",""2025-11-01T20:03:08.766Z""
e94842c2-6c31-4cec-813c-4058e54518c5,binsar,Binsar,01a10319-5fec-40f8-b100-3ebed1095e89,1,""2025-11-01T20:03:09.307Z"",""2025-11-01T20:03:09.307Z""
16189018-a8d9-4d42-a097-0d9be3a75315,chaubatia,Chaubatia,01a10319-5fec-40f8-b100-3ebed1095e89,1,""2025-11-01T20:03:09.718Z"",""2025-11-01T20:03:09.718Z""
0a8e03d7-0131-4b70-b13c-c3dabaf56227,devprayag,Devprayag,01a10319-5fec-40f8-b100-3ebed1095e89,1,""2025-11-01T20:03:10.130Z"",""2025-11-01T20:03:10.130Z""
bfdc24ca-4c25-403c-9e07-a4be814c9f80,garhwal-division,Garhwal Division,01a10319-5fec-40f8-b100-3ebed1095e89,2,""2025-11-01T20:03:10.539Z"",""2025-11-01T20:03:10.539Z""
0318efdf-0cda-4bf0-8f75-1721403e4a8b,garpak,Garpak,01a10319-5fec-40f8-b100-3ebed1095e89,1,""2025-11-01T20:03:11.158Z"",""2025-11-01T20:03:11.158Z""
ed1a8fb9-3ca6-415c-afc6-3b6ba5dd6a08,haridwar,Haridwar,01a10319-5fec-40f8-b100-3ebed1095e89,2,""2025-11-01T20:03:11.581Z"",""2025-11-01T20:03:11.581Z""
f922d500-815a-46ae-bbc2-2d9b4bd3d4d1,kedarnath,Kedarnath,01a10319-5fec-40f8-b100-3ebed1095e89,1,""2025-11-01T20:03:12.202Z"",""2025-11-01T20:03:12.202Z""
d30f8a0b-ef62-4a45-b667-562c7a984beb,mahruri,Mahruri,01a10319-5fec-40f8-b100-3ebed1095e89,1,""2025-11-01T20:03:12.614Z"",""2025-11-01T20:03:12.614Z""
5486cfb7-2f89-4e61-beb2-6ed78aec3215,mussoorie,Mussoorie,01a10319-5fec-40f8-b100-3ebed1095e89,4,""2025-11-01T20:03:13.023Z"",""2025-11-01T20:03:13.023Z""
50fabc33-6c50-4441-9816-52fbfba0f1ee,nainital,Nainital,01a10319-5fec-40f8-b100-3ebed1095e89,3,""2025-11-01T20:03:14.058Z"",""2025-11-01T20:03:14.058Z""
45d0051b-e146-4d81-b30e-a48c8f696c7d,ranikhet-range,Ranikhet Range,01a10319-5fec-40f8-b100-3ebed1095e89,1,""2025-11-01T20:03:14.882Z"",""2025-11-01T20:03:14.882Z""
80d2dd63-bec4-44e1-9082-0877904bdcd7,rishikesh,Rishikesh,01a10319-5fec-40f8-b100-3ebed1095e89,1,""2025-11-01T20:03:15.294Z"",""2025-11-01T20:03:15.294Z""
33ab83be-9f75-470a-84b4-ccc94b0fa520,shitlakhet,Shitlakhet,01a10319-5fec-40f8-b100-3ebed1095e89,1,""2025-11-01T20:03:15.708Z"",""2025-11-01T20:03:15.708Z""
b0a358b7-c8ac-48d1-aecf-8c9bc0b62075,uttarakhand,Uttarakhand,01a10319-5fec-40f8-b100-3ebed1095e89,1,""2025-11-01T20:03:16.121Z"",""2025-11-01T20:03:16.121Z""
a9b9d01a-beec-4c67-a260-199e777e1dd6,bakkhali,Bakkhali,68cee862-268b-4b2f-8984-ae1fba315d7e,1,""2025-11-01T20:03:17.450Z"",""2025-11-01T20:03:17.450Z""
63e4aeac-e116-463c-b3c6-d7729f413fc8,buxa-forest,Buxa Forest,68cee862-268b-4b2f-8984-ae1fba315d7e,1,""2025-11-01T20:03:17.862Z"",""2025-11-01T20:03:17.862Z""
c4e0324d-41af-4ed0-9d26-606790a9f6a5,darjeeling,Darjeeling,68cee862-268b-4b2f-8984-ae1fba315d7e,2,""2025-11-01T20:03:18.276Z"",""2025-11-01T20:03:18.276Z""
5a8ffee6-54e3-4cba-a38b-7fe00148e891,howrah,Howrah,68cee862-268b-4b2f-8984-ae1fba315d7e,3,""2025-11-01T20:03:18.900Z"",""2025-11-01T20:03:18.900Z""
675037db-c908-478e-b3ed-0a9dbdebb8f5,jalpaiguri-division,Jalpaiguri Division,68cee862-268b-4b2f-8984-ae1fba315d7e,1,""2025-11-01T20:03:19.794Z"",""2025-11-01T20:03:19.794Z""
c131ae87-07a6-4b79-9771-a11c80ceb82b,kolkata,Kolkata,68cee862-268b-4b2f-8984-ae1fba315d7e,7,""2025-11-01T20:03:20.215Z"",""2025-11-01T20:03:20.215Z""
00a5e805-4738-4125-8a10-41758b2b05e1,murshidabad,Murshidabad,68cee862-268b-4b2f-8984-ae1fba315d7e,2,""2025-11-01T20:03:21.886Z"",""2025-11-01T20:03:21.886Z""
9f09026c-6fbc-458f-a452-8288e2dc1614,raiganj,Raiganj,68cee862-268b-4b2f-8984-ae1fba315d7e,1,""2025-11-01T20:03:22.569Z"",""2025-11-01T20:03:22.569Z""
86859e87-b4ee-4e06-8f23-852d07753a83,singalila-forest,Singalila Forest,68cee862-268b-4b2f-8984-ae1fba315d7e,1,""2025-11-01T20:03:23.080Z"",""2025-11-01T20:03:23.080Z""
245a24d9-381b-4697-9629-40cf8fbbd485,uttar-madarihat,Uttar Madarihat,68cee862-268b-4b2f-8984-ae1fba315d7e,1,""2025-11-01T20:03:23.494Z"",""2025-11-01T20:03:23.494Z""